ParentAcct ,Security ,TxnNum ,Date,TxnType,Desc,Buy,Sell,Short,Cover,Commison,Income,Expense,transfer,secQuantity,MktPrice,Position,LongBasis,ShortBasis,OpenValue,CumUnrealGain,PerUnrealGain,PerRealGain,PerInc_Exp,PerTotalGain,CumTotalGain
StockBrokerage6,CASH,201.0,6/29/05,BANK,Inserted for Inital Balance: StockBrokerage6,-15000.0,0.0,0.0,0.0,0.0,0.0,0.0,0.0,15000.0,1.0,15000.0,15000.0,0.0,15000.0,0.0,0.0,0.0,0.0,0.0,0.0
StockBrokerage6,Dell,167.0,6/30/05,SHORT,Short Dell,0.0,0.0,12295.92,0.0,-8.32,0.0,0.0,0.0,-312.0,39.41,-312.0,0.0,-12287.6,-12295.919999999998,-8.31999999999789,-8.31999999999789,0.0,0.0,-8.31999999999789,-8.31999999999789
StockBrokerage6,CASH,167.1,6/30/05,SHORT,INSERTED: Short Dell,-12287.6,0.0,0.0,0.0,0.0,0.0,0.0,0.0,12287.6,1.0,27287.6,27287.6,0.0,27287.6,0.0,0.0,0.0,0.0,0.0,0.0
StockBrokerage6,Dell,170.0,6/11/06,SHORT,Short Dell,0.0,0.0,4024.0,0.0,-6.41,0.0,0.0,0.0,-160.0,25.15,-472.0,0.0,-16305.19,-11870.8,4434.390000000001,4442.709999999999,0.0,0.0,4442.709999999999,4434.390000000001
StockBrokerage6,CASH,170.1,6/11/06,SHORT,INSERTED: Short Dell,-4017.59,0.0,0.0,0.0,0.0,0.0,0.0,0.0,4017.59,1.0,31305.19,31305.19,0.0,31305.19,0.0,0.0,0.0,0.0,0.0,0.0
StockBrokerage6,Dell,173.0,1/5/10,COVER,Cover Dell,0.0,0.0,0.0,-1108.84,-9.41,0.0,0.0,0.0,76.0,14.590000000000002,-396.0,0.0,-13679.778050847457,-5777.64,7902.138050847457,4181.759999999998,1507.1619491525435,0.0,5688.921949152542,10123.311949152543
StockBrokerage6,CASH,173.1,1/5/10,COVER,INSERTED: Cover Dell,0.0,1118.25,0.0,0.0,0.0,0.0,0.0,0.0,-1118.25,1.0,30186.94,30186.94,0.0,30186.94,0.0,0.0,0.0,0.0,0.0,0.0
StockBrokerage6,Aeropostale,176.0,2/8/10,BUY,Buy ARO,-11123.12,0.0,0.0,0.0,-12.46,0.0,0.0,0.0,326.0,33.51999501222474,326.0,11135.58,0.0,10927.518373985265,-208.06162601473443,-208.06162601473443,0.0,0.0,-208.06162601473443,-208.06162601473443
StockBrokerage6,CASH,176.1,2/8/10,BUY,INSERTED: Buy ARO,0.0,11135.58,0.0,0.0,0.0,0.0,0.0,0.0,-11135.58,1.0,19051.36,19051.36,0.0,19051.36,0.0,0.0,0.0,0.0,0.0,0.0
StockBrokerage6,Citigroup,155.0,2/13/10,BUY,Buy Citigroup,-1338.78,0.0,0.0,0.0,-6.21,0.0,0.0,0.0,421.0,3.18,421.0,1344.99,0.0,1338.78,-6.210000000000036,-6.210000000000036,0.0,0.0,-6.210000000000036,-6.210000000000036
StockBrokerage6,CASH,155.1,2/13/10,BUY,INSERTED: Buy Citigroup,0.0,1344.99,0.0,0.0,0.0,0.0,0.0,0.0,-1344.99,1.0,17706.37,17706.37,0.0,17706.37,0.0,0.0,0.0,0.0,0.0,0.0
StockBrokerage6,Citigroup,161.0,2/24/10,BUY,Buy Citigroup,-307.05,0.0,0.0,0.0,-7.16,0.0,0.0,0.0,89.0,3.4500000293250004,510.0,1659.2,0.0,1759.5000149557502,100.30001495575016,106.5100149557502,0.0,0.0,106.5100149557502,100.30001495575016
StockBrokerage6,CASH,161.1,2/24/10,BUY,INSERTED: Buy Citigroup,0.0,314.21000000000004,0.0,0.0,0.0,0.0,0.0,0.0,-314.21000000000004,1.0,17392.16,17392.16,0.0,17392.16,0.0,0.0,0.0,0.0,0.0,0.0
StockBrokerage6,Aeropostale,179.0,3/26/10,BUY,Buy ARO,-1796.13,0.0,0.0,0.0,-9.26,0.0,0.0,0.0,63.0,28.600004061200575,552.0,12940.97,0.0,15787.202241782717,2846.232241782718,3054.2938677974525,0.0,0.0,3054.2938677974525,2846.232241782718
StockBrokerage6,CASH,179.1,3/26/10,BUY,INSERTED: Buy ARO,0.0,1805.39,0.0,0.0,0.0,0.0,0.0,0.0,-1805.39,1.0,15586.77,15586.77,0.0,15586.77,0.0,0.0,0.0,0.0,0.0,0.0
StockBrokerage6,Citigroup,158.0,4/1/10,SELL,Sell Citigroup,0.0,259.16,0.0,0.0,-2.96,0.0,0.0,0.0,-62.0,4.17999999582,448.0,1457.4933333333333,0.0,1872.63999812736,415.1466647940267,327.03998498975994,54.49333333333334,0.0,381.5333183230933,481.83333327884344
StockBrokerage6,CASH,158.1,4/1/10,SELL,INSERTED: Sell Citigroup,-256.20000000000005,0.0,0.0,0.0,0.0,0.0,0.0,0.0,256.20000000000005,1.0,15842.970000000001,15842.970000000001,0.0,15842.970000000001,0.0,0.0,0.0,0.0,0.0,0.0
StockBrokerage6,Aeropostale,182.0,5/20/10,SELL,Sell ARO,0.0,1383.12,0.0,0.0,-4.19,0.0,0.0,0.0,-51.0,27.29,501.0,11745.336902173913,0.0,13672.289999999999,1926.9530978260864,-656.3120346614887,183.29690217391317,0.0,-473.01513248757556,2373.2171092951426
StockBrokerage6,CASH,182.1,5/20/10,SELL,INSERTED: Sell ARO,-1378.9299999999998,0.0,0.0,0.0,0.0,0.0,0.0,0.0,1378.9299999999998,1.0,17221.9,17221.9,0.0,17221.9,0.0,0.0,0.0,0.0,0.0,0.0
StockBrokerage6,Citigroup,164.0,5/21/10,SELL,Sell Citigroup,0.0,72.0,0.0,0.0,-1.79,0.0,0.0,0.0,-20.0,3.5999999999999996,428.0,1392.4266666666667,0.0,1540.8,148.37333333333322,-248.23999821096027,5.143333333333388,0.0,-243.0966648776269,238.73666840121655
StockBrokerage6,CASH,164.1,5/21/10,SELL,INSERTED: Sell Citigroup,-70.21,0.0,0.0,0.0,0.0,0.0,0.0,0.0,70.21,1.0,17292.11,17292.11,0.0,17292.11,0.0,0.0,0.0,0.0,0.0,0.0
StockBrokerage6,Aeropostale,187.0,5/28/10,SELL,Sell ARO,0.0,335.16,0.0,0.0,-6.21,0.0,0.0,0.0,-12.0,27.709999999999997,489.0,11464.011467391305,0.0,13550.189999999999,2086.178532608694,205.3799999999991,47.624565217392274,0.0,253.00456521739136,2626.221674512534
StockBrokerage6,CASH,187.1,5/28/10,SELL,INSERTED: Sell ARO,-328.95000000000005,0.0,0.0,0.0,0.0,0.0,0.0,0.0,328.95000000000005,1.0,17621.06,17621.06,0.0,17621.06,0.0,0.0,0.0,0.0,0.0,0.0
StockBrokerage5,CASH,200.0,5/12/10,BANK,Inserted for Inital Balance: StockBrokerage5,-2817.05,0.0,0.0,0.0,0.0,0.0,0.0,0.0,2817.05,1.0,2817.05,2817.05,0.0,2817.05,0.0,0.0,0.0,0.0,0.0,0.0
StockBrokerage5,CASH,153.0,5/13/10,BANK,INSERTED: Account Interest,-56.34,0.0,0.0,0.0,0.0,56.34,0.0,0.0,56.34,1.0,2873.3900000000003,2873.3900000000003,0.0,2873.3900000000003,0.0,0.0,0.0,56.34,56.34,56.34
StockBrokerage4,CASH,199.0,3/10/10,BANK,Inserted for Inital Balance: StockBrokerage4,-1217.63,0.0,0.0,0.0,0.0,0.0,0.0,0.0,1217.63,1.0,1217.63,1217.63,0.0,1217.63,0.0,0.0,0.0,0.0,0.0,0.0
StockBrokerage4,Vanguard Total Bond Market Index Inv,150.0,3/11/10,BUY,Buy VBMFX,-221.26,0.0,0.0,0.0,-2.73,0.0,0.0,0.0,21.173,10.45,21.173,223.98999999999998,0.0,221.25784999999996,-2.7321500000000185,-2.7321500000000185,0.0,0.0,-2.7321500000000185,-2.7321500000000185
StockBrokerage4,CASH,150.1,3/11/10,BUY,INSERTED: Buy VBMFX,0.0,223.98999999999998,0.0,0.0,0.0,0.0,0.0,0.0,-223.98999999999998,1.0,993.6400000000001,993.6400000000001,0.0,993.6400000000001,0.0,0.0,0.0,0.0,0.0,0.0
StockBrokerage3,CASH,198.0,3/31/10,BANK,Inserted for Inital Balance: StockBrokerage3,0.0,0.0,0.0,0.0,0.0,0.0,0.0,0.0,-0.0,1.0,-0.0,-0.0,0.0,-0.0,0.0,0.0,0.0,0.0,0.0,0.0
StockBrokerage3,CASH,148.0,4/1/10,BANK,INSERTED: Xfer from Checking,-621.38,0.0,0.0,0.0,0.0,0.0,0.0,0.0,621.38,1.0,621.38,621.38,0.0,621.38,0.0,0.0,0.0,0.0,0.0,0.0
StockBrokerage3,CASH,194.0,5/18/10,BANK,INSERTED: Transfer Cash To SB3,-3284.46,0.0,0.0,0.0,0.0,0.0,0.0,0.0,3284.46,1.0,3905.84,3905.84,0.0,3905.84,0.0,0.0,0.0,0.0,0.0,0.0
StockBrokerage2,CASH,197.0,8/13/09,BANK,Inserted for Inital Balance: StockBrokerage2,0.0,0.0,0.0,0.0,0.0,0.0,0.0,0.0,-0.0,1.0,-0.0,-0.0,0.0,-0.0,0.0,0.0,0.0,0.0,0.0,0.0
StockBrokerage2,CASH,131.0,8/14/09,BANK,INSERTED: Xfr from Checking,-10000.0,0.0,0.0,0.0,0.0,0.0,0.0,0.0,10000.0,1.0,10000.0,10000.0,0.0,10000.0,0.0,0.0,0.0,0.0,0.0,0.0
StockBrokerage2,Financial Select Sector SPDR,133.0,8/24/09,BUY,Buy XLF,-3170.37,0.0,0.0,0.0,-6.77,0.0,0.0,0.0,217.0,14.44,217.0,3177.14,0.0,3133.48,-43.659999999999854,-43.659999999999854,0.0,0.0,-43.659999999999854,-43.659999999999854
StockBrokerage2,CASH,133.1,8/24/09,BUY,INSERTED: Buy XLF,0.0,3177.14,0.0,0.0,0.0,0.0,0.0,0.0,-3177.14,1.0,6822.860000000001,6822.860000000001,0.0,6822.860000000001,0.0,0.0,0.0,0.0,0.0,0.0
StockBrokerage2,Financial Select Sector SPDR,135.0,9/18/09,DIVIDEND,,0.0,0.0,0.0,0.0,0.0,10.2,0.0,0.0,0.0,15.140000000000002,217.0,3177.14,0.0,3285.3800000000006,108.24000000000069,151.90000000000055,0.0,10.2,151.90000000000055,108.24000000000069
StockBrokerage2,CASH,135.1,9/18/09,DIVIDEND,INSERTED: ,-10.2,0.0,0.0,0.0,0.0,0.0,0.0,0.0,10.2,1.0,6833.06,6833.06,0.0,6833.06,0.0,0.0,0.0,0.0,0.0,0.0
StockBrokerage2,Financial Select Sector SPDR,138.0,12/18/09,DIVIDEND,,0.0,0.0,0.0,0.0,0.0,11.28,0.0,0.0,0.0,14.22,217.0,3177.14,0.0,3085.7400000000002,-91.39999999999964,-199.64000000000033,0.0,11.28,-199.64000000000033,-91.39999999999964
StockBrokerage2,CASH,138.1,12/18/09,DIVIDEND,INSERTED: ,-11.28,0.0,0.0,0.0,0.0,0.0,0.0,0.0,11.28,1.0,6844.34,6844.34,0.0,6844.34,0.0,0.0,0.0,0.0,0.0,0.0
StockBrokerage2,Dell,143.0,3/29/10,BUY,Buy Dell,-2974.7,0.0,0.0,0.0,-12.21,0.0,0.0,0.0,197.0,14.92,197.0,2986.91,0.0,2939.24,-47.67000000000007,-47.67000000000007,0.0,0.0,-47.67000000000007,-47.67000000000007
StockBrokerage2,CASH,143.1,3/29/10,BUY,INSERTED: Buy Dell,0.0,2986.91,0.0,0.0,0.0,0.0,0.0,0.0,-2986.91,1.0,3857.4300000000003,3857.4300000000003,0.0,3857.4300000000003,0.0,0.0,0.0,0.0,0.0,0.0
StockBrokerage2,Financial Select Sector SPDR,141.0,4/5/10,SELL,Sell XLF,0.0,3526.25,0.0,0.0,-19.04,0.0,0.0,0.0,-217.0,16.24,0.0,0.0,0.0,0.0,0.0,0.0,330.07000000000016,0.0,330.07000000000016,238.67000000000053
StockBrokerage2,CASH,141.1,4/5/10,SELL,INSERTED: Sell XLF,-3507.21,0.0,0.0,0.0,0.0,0.0,0.0,0.0,3507.21,1.0,7364.64,7364.64,0.0,7364.64,0.0,0.0,0.0,0.0,0.0,0.0
StockBrokerage2,CASH,190.1,5/17/10,SELL_XFER,INSERTED: SellXfer YHOO to SB2,-174.34,0.0,0.0,0.0,0.0,0.0,0.0,0.0,174.34,1.0,7538.9800000000005,7538.9800000000005,0.0,7538.9800000000005,0.0,0.0,0.0,0.0,0.0,0.0
StockBrokerage2,CASH,194.0,5/18/10,BANK,INSERTED: Transfer Cash To SB3,0.0,3284.46,0.0,0.0,0.0,0.0,0.0,0.0,-3284.46,1.0,4254.52,4254.52,0.0,4254.52,0.0,0.0,0.0,0.0,0.0,0.0
StockBrokerage1,CASH,196.0,1/30/98,BANK,Inserted for Inital Balance: StockBrokerage1,-20000.0,0.0,0.0,0.0,0.0,0.0,0.0,0.0,20000.0,1.0,20000.0,20000.0,0.0,20000.0,0.0,0.0,0.0,0.0,0.0,0.0
StockBrokerage1,CASH,59.0,2/2/98,BANK,INSERTED: Transfer Cash To Stock Brokerage,-15000.0,0.0,0.0,0.0,0.0,0.0,0.0,0.0,15000.0,1.0,35000.0,35000.0,0.0,35000.0,0.0,0.0,0.0,0.0,0.0,0.0
StockBrokerage1,CASH,61.0,2/2/98,BANK,INSERTED: Account Opening Fee,0.0,55.21,0.0,0.0,0.0,0.0,-55.21,0.0,-55.21,1.0,34944.79,34944.79,0.0,34944.79,0.0,0.0,0.0,-55.21,-55.21,-55.21
StockBrokerage1,Dell,56.0,2/4/98,BUY,Buy Dell,-10330.0,0.0,0.0,0.0,-10.0,0.0,0.0,0.0,100.0,103.30002251940492,100.0,10340.0,0.0,10330.002251940492,-9.997748059508012,-9.997748059508012,0.0,0.0,-9.997748059508012,-9.997748059508012
StockBrokerage1,CASH,56.1,2/4/98,BUY,INSERTED: Buy Dell,0.0,10340.0,0.0,0.0,0.0,0.0,0.0,0.0,-10340.0,1.0,24604.79,24604.79,0.0,24604.79,0.0,0.0,0.0,0.0,0.0,-55.21
StockBrokerage1,CASH,63.0,12/31/98,BANK,INSERTED: Account Interest,-12.0,0.0,0.0,0.0,0.0,12.0,0.0,0.0,12.0,1.0,24616.79,24616.79,0.0,24616.79,0.0,0.0,0.0,12.0,12.0,-43.21
StockBrokerage1,CASH,65.0,12/31/99,BANK,INSERTED: Account Interest,-15.0,0.0,0.0,0.0,0.0,15.0,0.0,0.0,15.0,1.0,24631.79,24631.79,0.0,24631.79,0.0,0.0,0.0,15.0,15.0,-28.21
StockBrokerage1,CASH,67.0,12/31/00,BANK,INSERTED: Account Interest,-15.0,0.0,0.0,0.0,0.0,15.0,0.0,0.0,15.0,1.0,24646.79,24646.79,0.0,24646.79,0.0,0.0,0.0,15.0,15.0,-13.21
StockBrokerage1,CASH,69.0,12/31/01,BANK,INSERTED: Account Interest,-18.0,0.0,0.0,0.0,0.0,18.0,0.0,0.0,18.0,1.0,24664.79,24664.79,0.0,24664.79,0.0,0.0,0.0,18.0,18.0,4.789999999999999
StockBrokerage1,CASH,71.0,12/31/02,BANK,INSERTED: account Interest,-21.0,0.0,0.0,0.0,0.0,21.0,0.0,0.0,21.0,1.0,24685.79,24685.79,0.0,24685.79,0.0,0.0,0.0,21.0,21.0,25.79
StockBrokerage1,CASH,73.0,12/31/03,BANK,INSERTED: account Interest,-12.0,0.0,0.0,0.0,0.0,12.0,0.0,0.0,12.0,1.0,24697.79,24697.79,0.0,24697.79,0.0,0.0,0.0,12.0,12.0,37.79
StockBrokerage1,CASH,75.0,12/31/04,BANK,INSERTED: Account Interest,-21.18,0.0,0.0,0.0,0.0,21.18,0.0,0.0,21.18,1.0,24718.97,24718.97,0.0,24718.97,0.0,0.0,0.0,21.18,21.18,58.97
StockBrokerage1,CASH,77.0,12/31/05,BANK,INSERTED: Account Interest,-32.16,0.0,0.0,0.0,0.0,32.16,0.0,0.0,32.16,1.0,24751.13,24751.13,0.0,24751.13,0.0,0.0,0.0,32.16,32.16,91.13
StockBrokerage1,Dell,103.0,12/28/06,DIVIDENDXFR,Dividend Transfer Dell,0.0,0.0,0.0,0.0,0.0,141.17,0.0,-141.17,0.0,25.19,800.0,10340.0,0.0,20152.0,9812.0,9821.997748059508,0.0,141.17,9821.997748059508,9812.0
StockBrokerage1,CASH,103.1,12/28/06,DIVIDENDXFR,INSERTED: Dividend Transfer Dell,0.0,0.0,0.0,0.0,0.0,0.0,0.0,0.0,-0.0,1.0,24751.13,24751.13,0.0,24751.13,0.0,0.0,0.0,0.0,0.0,91.13
StockBrokerage1,CASH,79.0,12/31/06,BANK,INSERTED: Account Interest,-31.15,0.0,0.0,0.0,0.0,31.15,0.0,0.0,31.15,1.0,24782.280000000002,24782.280000000002,0.0,24782.280000000002,0.0,0.0,0.0,31.15,31.15,122.28
StockBrokerage1,CASH,107.0,11/13/07,BANK,INSERTED: Transfer Out to Checking,0.0,721.24,0.0,0.0,0.0,0.0,0.0,0.0,-721.24,1.0,24061.04,24061.04,0.0,24061.04,0.0,0.0,0.0,0.0,0.0,122.28
StockBrokerage1,CASH,110.0,11/21/07,BANK,INSERTED: Transfer Again out to checking,0.0,212.26,0.0,0.0,0.0,0.0,0.0,0.0,-212.26,1.0,23848.780000000002,23848.780000000002,0.0,23848.780000000002,0.0,0.0,0.0,0.0,0.0,122.28
StockBrokerage1,CASH,81.0,12/31/07,BANK,INSERTED: Account Interest,-21.89,0.0,0.0,0.0,0.0,21.89,0.0,0.0,21.89,1.0,23870.670000000002,23870.670000000002,0.0,23870.670000000002,0.0,0.0,0.0,21.89,21.89,144.17000000000002
StockBrokerage1,CASH,83.0,12/31/08,BANK,INSERTED: Account Interest,-22.15,0.0,0.0,0.0,0.0,22.15,0.0,0.0,22.15,1.0,23892.820000000003,23892.820000000003,0.0,23892.820000000003,0.0,0.0,0.0,22.15,22.15,166.32000000000002
StockBrokerage1,CASH,85.0,12/31/08,BANK,INSERTED: Account Interest,-41.12,0.0,0.0,0.0,0.0,41.12,0.0,0.0,41.12,1.0,23933.940000000002,23933.940000000002,0.0,23933.940000000002,0.0,0.0,0.0,41.12,41.12,207.44000000000003
StockBrokerage1,Vanguard S&P 500 Fund,12.0,3/10/09,BUY,Buy Vanguard,-11474.63,0.0,0.0,0.0,-12.19,0.0,0.0,0.0,172.2141,66.6300201555811,172.2141,11486.82,0.0,11474.628954075259,-12.191045924741047,-12.191045924741047,0.0,0.0,-12.191045924741047,-12.191045924741047
StockBrokerage1,CASH,12.1,3/10/09,BUY,INSERTED: Buy Vanguard,0.0,11486.82,0.0,0.0,0.0,0.0,0.0,0.0,-11486.82,1.0,12447.120000000003,12447.120000000003,0.0,12447.120000000003,0.0,0.0,0.0,0.0,0.0,207.44000000000003
StockBrokerage1,Vanguard S&P 500 Fund,10.0,12/30/09,DIVIDEND_REINVEST,Dividend Reinvest Vanguard,-302.11,0.0,0.0,0.0,0.0,302.11,0.0,0.0,2.913,103.7100184914963,175.1271,11788.93,0.0,18162.434779362124,6373.504779362123,6385.695825286864,0.0,302.11,6385.695825286864,6373.504779362123
StockBrokerage1,CASH,10.1,12/30/09,DIVIDEND_REINVEST,INSERTED: Dividend Reinvest Vanguard,0.0,0.0,0.0,0.0,0.0,0.0,0.0,0.0,-0.0,1.0,12447.120000000003,12447.120000000003,0.0,12447.120000000003,0.0,0.0,0.0,0.0,0.0,207.44000000000003
StockBrokerage1,CASH,87.0,12/31/09,BANK,INSERTED: Account Interest,-22.12,0.0,0.0,0.0,0.0,22.12,0.0,0.0,22.12,1.0,12469.240000000003,12469.240000000003,0.0,12469.240000000003,0.0,0.0,0.0,22.12,22.12,229.56000000000003
StockBrokerage1,Yahoo,99.0,1/8/10,BUY_XFER,Buy Yahoo,-899.1,0.0,0.0,0.0,-12.0,0.0,0.0,911.1,54.0,16.699999866400002,54.0,911.1,0.0,901.7999927856001,-9.300007214399898,-9.300007214399898,0.0,0.0,-9.300007214399898,-9.300007214399898
StockBrokerage1,CASH,99.1,1/8/10,BUY_XFER,INSERTED: Buy Yahoo,0.0,0.0,0.0,0.0,0.0,0.0,0.0,0.0,-0.0,1.0,12469.240000000003,12469.240000000003,0.0,12469.240000000003,0.0,0.0,0.0,0.0,0.0,229.56000000000003
StockBrokerage1,Yahoo,122.0,1/9/10,MISCINC,Return of Capital from Yahoo,16.32,0.0,0.0,0.0,0.0,0.0,0.0,0.0,-0.9772,16.699999866400002,53.0228,894.6124644444444,0.0,885.480752916154,-9.131711528290452,0.0,0.0,0.0,0.0,-9.300007214399898
StockBrokerage1,CASH,122.1,1/9/10,MISCINC,INSERTED: Return of Capital from Yahoo,-16.32,0.0,0.0,0.0,0.0,0.0,0.0,0.0,16.32,1.0,12485.560000000003,12485.560000000003,0.0,12485.560000000003,0.0,0.0,0.0,0.0,0.0,229.56000000000003
StockBrokerage1,Aeropostale,20.0,2/2/10,BUY,Buy ARO (Split Test),-3780.0,0.0,0.0,0.0,-17.0,0.0,0.0,0.0,112.0,35.339997278820206,112.0,3797.0,0.0,3958.0796952278633,161.07969522786334,161.07969522786334,0.0,0.0,161.07969522786334,161.07969522786334
StockBrokerage1,CASH,20.1,2/2/10,BUY,INSERTED: Buy ARO (Split Test),0.0,3797.0,0.0,0.0,0.0,0.0,0.0,0.0,-3797.0,1.0,8688.560000000003,8688.560000000003,0.0,8688.560000000003,0.0,0.0,0.0,0.0,0.0,229.56000000000003
StockBrokerage1,Citigroup,89.0,2/10/10,SHORT,short Citi,0.0,0.0,162.18,0.0,-11.0,0.0,0.0,0.0,-51.0,3.2,-51.0,0.0,-151.18,-163.20000000000002,-12.02000000000001,-12.02000000000001,0.0,0.0,-12.02000000000001,-12.02000000000001
StockBrokerage1,CASH,89.1,2/10/10,SHORT,INSERTED: short Citi,-151.18,0.0,0.0,0.0,0.0,0.0,0.0,0.0,151.18,1.0,8839.740000000003,8839.740000000003,0.0,8839.740000000003,0.0,0.0,0.0,0.0,0.0,229.56000000000003
StockBrokerage1,Aeropostale,18.0,3/15/10,BUY,Buy ARO,-1710.0,0.0,0.0,0.0,-10.0,0.0,0.0,0.0,60.0,28.330000308797004,228.0,5517.0,0.0,6459.240070405717,942.2400704057172,781.1603751778539,0.0,0.0,781.1603751778539,942.2400704057172
StockBrokerage1,CASH,18.1,3/15/10,BUY,INSERTED: Buy ARO,0.0,1720.0,0.0,0.0,0.0,0.0,0.0,0.0,-1720.0,1.0,7119.740000000003,7119.740000000003,0.0,7119.740000000003,0.0,0.0,0.0,0.0,0.0,229.56000000000003
StockBrokerage1,Citigroup,16.0,3/15/10,SHORT,Short Citi,0.0,0.0,304.2,0.0,-19.0,0.0,0.0,0.0,-78.0,3.8899999809390002,-129.0,0.0,-436.38,-501.80999754113105,-65.42999754113106,-53.40999754113105,0.0,0.0,-53.40999754113105,-65.42999754113106
StockBrokerage1,CASH,16.1,3/15/10,SHORT,INSERTED: Short Citi,-285.2,0.0,0.0,0.0,0.0,0.0,0.0,0.0,285.2,1.0,7404.940000000003,7404.940000000003,0.0,7404.940000000003,0.0,0.0,0.0,0.0,0.0,229.56000000000003
StockBrokerage1,Vanguard S&P 500 Fund,112.0,3/28/10,MISCINC,LTCAP Vanguard,0.0,0.0,0.0,0.0,0.0,7.61,0.0,0.0,0.0,107.8799856735379,175.1271,11788.93,0.0,18892.70903904824,7103.7790390482405,730.2742596861171,0.0,7.61,730.2742596861171,7103.7790390482405
StockBrokerage1,CASH,112.1,3/28/10,MISCINC,INSERTED: LTCAP Vanguard,-7.61,0.0,0.0,0.0,0.0,0.0,0.0,0.0,7.61,1.0,7412.550000000003,7412.550000000003,0.0,7412.550000000003,0.0,0.0,0.0,0.0,0.0,229.56000000000003
StockBrokerage1,Aeropostale,14.0,3/29/10,DIVIDEND,Dividend ARO,0.0,0.0,0.0,0.0,0.0,97.21,0.0,0.0,0.0,28.380001407648066,228.0,5517.0,0.0,6470.640320943759,953.6403209437594,11.4002505380422,0.0,97.21,11.4002505380422,953.6403209437594
StockBrokerage1,CASH,14.1,3/29/10,DIVIDEND,INSERTED: Dividend ARO,-97.21,0.0,0.0,0.0,0.0,0.0,0.0,0.0,97.21,1.0,7509.760000000003,7509.760000000003,0.0,7509.760000000003,0.0,0.0,0.0,0.0,0.0,229.56000000000003
StockBrokerage1,Citigroup,92.0,3/31/10,MISCEXP,Payment of Divs on Short Citi,0.0,0.0,-12.27,0.0,0.0,0.0,0.0,0.0,3.0296,4.05000000405,-125.9704,0.0,-426.13149730232556,-510.18012051018013,-84.04862320785458,-20.155266911301904,0.0,0.0,-20.155266911301904,-85.58526445243297
StockBrokerage1,CASH,92.1,3/31/10,MISCEXP,INSERTED: Payment of Divs on Short Citi,0.0,12.27,0.0,0.0,0.0,0.0,0.0,0.0,-12.27,1.0,7497.4900000000025,7497.4900000000025,0.0,7497.4900000000025,0.0,0.0,0.0,0.0,0.0,229.56000000000003
StockBrokerage1,Aeropostale,6.0,4/8/10,MISCEXP,Tax Expense ARO,0.0,0.0,0.0,0.0,0.0,0.0,-3.76,0.0,0.0,30.12000109636804,228.0,5517.0,0.0,6867.360249971913,1350.3602499719127,396.7199290281533,0.0,-3.76,396.7199290281533,1350.3602499719127
StockBrokerage1,CASH,6.1,4/8/10,MISCEXP,INSERTED: Tax Expense ARO,0.0,3.76,0.0,0.0,0.0,0.0,0.0,0.0,-3.76,1.0,7493.730000000002,7493.730000000002,0.0,7493.730000000002,0.0,0.0,0.0,0.0,0.0,229.56000000000003
StockBrokerage1,Aeropostale,4.0,4/15/10,SELL,Sell ARO,0.0,936.0,0.0,0.0,-9.0,0.0,0.0,0.0,-30.0,31.06999790898914,198.0,4791.078947368421,0.0,6151.85958597985,1360.780638611429,188.09936889897813,201.0789473684208,0.0,389.17831626739894,1739.5385662393116
StockBrokerage1,CASH,4.1,4/15/10,SELL,INSERTED: Sell ARO,-927.0,0.0,0.0,0.0,0.0,0.0,0.0,0.0,927.0,1.0,8420.730000000003,8420.730000000003,0.0,8420.730000000003,0.0,0.0,0.0,0.0,0.0,229.56000000000003
StockBrokerage1,Aeropostale,115.0,4/28/10,SELL_XFER,Sell Xfer ARO,0.0,332.28,0.0,0.0,-3.0,0.0,0.0,-329.28,-12.0,30.620003006884293,186.0,4500.710526315789,0.0,5695.320559280479,1194.6100329646897,-83.69905179150172,38.9115789473683,0.0,-44.78747284413342,1694.7510933951783
StockBrokerage1,CASH,115.1,4/28/10,SELL_XFER,INSERTED: Sell Xfer ARO,0.0,0.0,0.0,0.0,0.0,0.0,0.0,0.0,-0.0,1.0,8420.730000000003,8420.730000000003,0.0,8420.730000000003,0.0,0.0,0.0,0.0,0.0,229.56000000000003
StockBrokerage1,Citigroup,96.0,4/28/10,COVER,Cover Citigroup,0.0,0.0,0.0,-156.31,-9.0,0.0,0.0,0.0,36.0,4.45000002225,-89.9704,0.0,-304.3510321860465,-400.3682820018414,-96.01724981579491,-35.98816163746129,-43.52953488372094,0.0,-79.51769652118223,-165.1029609736152
StockBrokerage1,CASH,96.1,4/28/10,COVER,INSERTED: Cover Citigroup,0.0,165.31,0.0,0.0,0.0,0.0,0.0,0.0,-165.31,1.0,8255.420000000004,8255.420000000004,0.0,8255.420000000004,0.0,0.0,0.0,0.0,0.0,229.56000000000003
StockBrokerage1,Vanguard S&P 500 Fund,128.0,5/3/10,SELL,Sell VFINX,0.0,18034.59,0.0,0.0,-22.19,0.0,0.0,0.0,-175.1271,110.85995173157703,0.0,0.0,0.0,0.0,0.0,0.0,6223.470000000001,0.0,6223.470000000001,13327.249039048242
StockBrokerage1,CASH,128.1,5/3/10,SELL,INSERTED: Sell VFINX,-18012.4,0.0,0.0,0.0,0.0,0.0,0.0,0.0,18012.4,1.0,26267.820000000007,26267.820000000007,0.0,26267.820000000007,0.0,0.0,0.0,0.0,0.0,229.56000000000003
StockBrokerage1,Aeropostale,126.0,5/14/10,SELL,Sell  ARO,0.0,2457.06,0.0,0.0,0.0,0.0,0.0,0.0,-186.0,27.480000000000004,0.0,0.0,0.0,0.0,0.0,0.0,-2043.6505263157892,0.0,-2043.6505263157892,-348.89943292061093
StockBrokerage1,CASH,126.1,5/14/10,SELL,INSERTED: Sell  ARO,-2457.06,0.0,0.0,0.0,0.0,0.0,0.0,0.0,2457.06,1.0,28724.88000000001,28724.88000000001,0.0,28724.88000000001,0.0,0.0,0.0,0.0,0.0,229.56000000000003
StockBrokerage1,Yahoo,190.0,5/17/10,SELL_XFER,SellXfer YHOO to SB2,0.0,178.2,0.0,0.0,-3.86,0.0,0.0,-174.34,-11.0,16.27,42.0228,709.01802,0.0,683.7109559999999,-25.307064000000082,-18.06979838575404,-11.25444444444446,0.0,-29.3242428301985,-38.6242500445984
StockBrokerage1,CASH,190.1,5/17/10,SELL_XFER,INSERTED: SellXfer YHOO to SB2,0.0,0.0,0.0,0.0,0.0,0.0,0.0,0.0,-0.0,1.0,28724.88000000001,28724.88000000001,0.0,28724.88000000001,0.0,0.0,0.0,0.0,0.0,229.56000000000003
